<application>
  <component name="AtomFileIconsConfig">
    <option name="enabledDirectories" value="false" />
    <option name="enabledIcons" value="false" />
    <option name="enabledPsiIcons" value="false" />
    <option name="lowPowerMode" value="false" />
    <option name="isEnabledIcons" value="false" />
    <option name="isEnabledDirectories" value="false" />
    <option name="monochromeColor" value="546e7a" />
    <option name="isEnabledPsiIcons" value="false" />
    <option name="arrowsStyle" value="Plus-Minus" />
    <option name="isLowPowerMode" value="false" />
  </component>
</application>