<application>
  <component name="EclipseCodeFormatterSettings">
    <option name="settingsList">
      <list>
        <Settings>
          <option name="formatter" value="ECLIPSE" />
          <option name="id" value="1662431553498" />
          <option name="name" value="new" />
          <option name="pathToConfigFileJava" value="D:/project/eclipse-codestyle.xml" />
          <option name="selectedJavaProfile" value="P3C-CodeStyle" />
        </Settings>
      </list>
    </option>
  </component>
</application>