<application>
  <component name="FeatureSuggesterSettings">
    <option name="workingDays">
      <list>
        <option value="1664155259322" />
        <option value="1664208014288" />
        <option value="1664331990788" />
        <option value="1664415478159" />
        <option value="1665192736639" />
        <option value="1665279902546" />
        <option value="1665331641094" />
        <option value="1665459894457" />
        <option value="1665540568584" />
        <option value="1665627209355" />
        <option value="1665712508552" />
        <option value="1665971880939" />
        <option value="1666058341769" />
        <option value="1666145936214" />
        <option value="1666230507547" />
        <option value="1666317645601" />
        <option value="1666592086044" />
        <option value="1666663248699" />
        <option value="1666749601555" />
        <option value="1666849790689" />
        <option value="1666924396024" />
        <option value="1667183292152" />
        <option value="1667270445122" />
        <option value="1667354245827" />
        <option value="1667440421758" />
        <option value="1667524801190" />
        <option value="1667785528217" />
        <option value="1667872067154" />
        <option value="1667959354954" />
        <option value="1668045822575" />
      </list>
    </option>
  </component>
</application>