<application>
  <component name="UISettings">
    <option name="CONSOLE_CYCLE_BUFFER_SIZE_KB" value="4096" />
    <option name="EDITOR_TAB_LIMIT" value="20" />
    <option name="HIDE_TABS_IF_NEED" value="false" />
    <option name="MAX_LOOKUP_WIDTH2" value="639" />
    <option name="OPEN_TABS_AT_THE_END" value="true" />
    <option name="OVERRIDE_CONSOLE_CYCLE_BUFFER_SIZE" value="true" />
    <option name="SCROLL_TAB_LAYOUT_IN_EDITOR" value="false" />
    <option name="CONTRAST_SCROLLBARS" value="true" />
  </component>
</application>