<keymap version="1" name="IntelliJ IDEA Classic (macOS) copy" parent="Mac OS X">
  <action id="Arrangement.Alias.Rule.Add">
    <keyboard-shortcut first-keystroke="ctrl enter" />
  </action>
  <action id="Arrangement.Rule.Add">
    <keyboard-shortcut first-keystroke="ctrl enter" />
  </action>
  <action id="Generate">
    <keyboard-shortcut first-keystroke="ctrl enter" />
  </action>
  <action id="NewClass">
    <keyboard-shortcut first-keystroke="ctrl n" />
  </action>
  <action id="NewElement">
    <keyboard-shortcut first-keystroke="ctrl enter" />
  </action>
  <action id="ServiceView.AddService">
    <keyboard-shortcut first-keystroke="ctrl enter" />
  </action>
  <action id="Uml.NewElement">
    <keyboard-shortcut first-keystroke="ctrl enter" />
  </action>
</keymap>